row_index,real_label_id,real_label_name,pred_label_id,pred_label_name,confidence,is_correct
0,6,web,6,web,0.9990089,1
1,0,benign,0,benign,0.94291306,1
2,7,malware,7,malware,0.25174946,1
3,0,benign,0,benign,0.9057286,1
4,0,benign,0,benign,0.9290744,1
5,0,benign,0,benign,0.85439247,1
6,0,benign,0,benign,0.97241026,1
7,6,web,0,benign,0.9290744,0
8,0,benign,0,benign,0.9199285,1
9,5,bruteforce,3,recon,0.56055605,0
10,3,recon,3,recon,0.9761549,1
11,0,benign,0,benign,0.82657886,1
12,2,ddos,2,ddos,0.7063447,1
13,4,mitm,4,mitm,0.99978465,1
14,0,benign,0,benign,0.96286786,1
15,0,benign,0,benign,0.9600166,1
16,6,web,0,benign,0.9290744,0
17,0,benign,0,benign,0.9705494,1
18,0,benign,0,benign,0.9774688,1
19,0,benign,0,benign,0.9290744,1
20,0,benign,0,benign,0.9567803,1
21,0,benign,0,benign,0.6523522,1
22,4,mitm,0,benign,0.9052261,0
23,0,benign,0,benign,0.9846315,1
24,0,benign,0,benign,0.94445735,1
25,0,benign,0,benign,0.96359247,1
26,6,web,6,web,0.9988801,1
27,0,benign,0,benign,0.9453657,1
28,0,benign,0,benign,0.94913757,1
29,2,ddos,2,ddos,0.98885185,1
30,0,benign,0,benign,0.9091239,1
31,0,benign,0,benign,0.98551023,1
32,6,web,6,web,0.99637944,1
33,0,benign,0,benign,0.8133559,1
34,0,benign,0,benign,0.97123384,1
35,4,mitm,4,mitm,0.82990676,1
36,1,dos,0,benign,0.7678693,0
37,6,web,6,web,0.9988758,1
38,3,recon,3,recon,0.9883902,1
39,3,recon,3,recon,0.989251,1
40,2,ddos,2,ddos,0.9009302,1
41,0,benign,0,benign,0.99489504,1
42,0,benign,0,benign,0.99795216,1
43,0,benign,0,benign,0.9325001,1
44,0,benign,0,benign,0.96157455,1
45,0,benign,0,benign,0.89814156,1
46,4,mitm,4,mitm,0.712888,1
47,0,benign,0,benign,0.98592675,1
48,4,mitm,4,mitm,0.39031175,1
49,0,benign,0,benign,0.94621205,1
50,0,benign,0,benign,0.9182222,1
51,6,web,0,benign,0.94524056,0
52,0,benign,0,benign,0.9859492,1
53,0,benign,0,benign,0.9931034,1
54,0,benign,0,benign,0.8844601,1
55,0,benign,0,benign,0.9345388,1
56,0,benign,0,benign,0.9783612,1
57,0,benign,0,benign,0.9290744,1
58,6,web,6,web,0.9982894,1
59,2,ddos,2,ddos,0.9446995,1
60,3,recon,0,benign,0.9191175,0
61,3,recon,3,recon,0.7987185,1
62,0,benign,0,benign,0.9290744,1
63,0,benign,0,benign,0.9449808,1
64,2,ddos,2,ddos,0.89619046,1
65,0,benign,0,benign,0.9290744,1
66,0,benign,0,benign,0.54020673,1
67,0,benign,0,benign,0.9626839,1
68,2,ddos,2,ddos,0.99999547,1
69,0,benign,0,benign,0.8316579,1
70,0,benign,0,benign,0.9480891,1
71,0,benign,0,benign,0.97236764,1
72,3,recon,3,recon,0.90531677,1
73,6,web,6,web,0.9989429,1
74,0,benign,0,benign,0.9447423,1
75,0,benign,0,benign,0.96192044,1
76,0,benign,0,benign,0.9840073,1
77,2,ddos,2,ddos,0.97720474,1
78,0,benign,0,benign,0.9290744,1
79,0,benign,0,benign,0.92124844,1
80,4,mitm,4,mitm,0.7565251,1
81,0,benign,0,benign,0.9907583,1
82,0,benign,0,benign,0.91026616,1
83,0,benign,0,benign,0.9581463,1
84,0,benign,0,benign,0.9290744,1
85,7,malware,0,benign,0.9529856,0
86,0,benign,0,benign,0.8388427,1
87,6,web,0,benign,0.9290744,0
88,0,benign,0,benign,0.9290744,1
89,0,benign,0,benign,0.89587903,1
90,6,web,0,benign,0.9261911,0
91,0,benign,0,benign,0.97355294,1
92,5,bruteforce,0,benign,0.726203,0
93,0,benign,0,benign,0.9290744,1
94,0,benign,0,benign,0.9290744,1
95,0,benign,0,benign,0.9273296,1
96,3,recon,3,recon,0.72711134,1
97,0,benign,0,benign,0.966731,1
98,6,web,6,web,0.99982625,1
99,0,benign,0,benign,0.94255894,1
100,6,web,6,web,0.9843789,1
101,5,bruteforce,5,bruteforce,0.96661836,1
102,0,benign,0,benign,0.99074733,1
103,0,benign,0,benign,0.9596584,1
104,0,benign,0,benign,0.9290744,1
105,0,benign,0,benign,0.8371079,1
106,4,mitm,4,mitm,0.8244192,1
107,2,ddos,2,ddos,0.67306757,1
108,0,benign,0,benign,0.840627,1
109,5,bruteforce,3,recon,0.689982,0
110,6,web,6,web,0.998216,1
111,0,benign,0,benign,0.89816207,1
112,0,benign,0,benign,0.98647934,1
113,0,benign,0,benign,0.90228474,1
114,0,benign,0,benign,0.9841412,1
115,0,benign,0,benign,0.99550015,1
116,0,benign,0,benign,0.69595796,1
117,5,bruteforce,3,recon,0.56021017,0
118,0,benign,0,benign,0.9290744,1
119,0,benign,0,benign,0.95557076,1
120,0,benign,0,benign,0.9529548,1
121,0,benign,0,benign,0.66613346,1
122,0,benign,0,benign,0.67291355,1
123,0,benign,0,benign,0.89061,1
124,0,benign,0,benign,0.9290744,1
125,5,bruteforce,5,bruteforce,0.5974997,1
126,2,ddos,2,ddos,0.99977523,1
127,0,benign,0,benign,0.9600661,1
128,0,benign,0,benign,0.97852874,1
129,0,benign,7,malware,0.35441822,0
130,6,web,6,web,0.9977537,1
131,3,recon,3,recon,0.6605118,1
132,3,recon,3,recon,0.99548423,1
133,3,recon,3,recon,0.95424885,1
134,6,web,6,web,0.998949,1
135,0,benign,0,benign,0.9290744,1
136,2,ddos,3,recon,0.53032565,0
137,7,malware,0,benign,0.9290744,0
138,0,benign,0,benign,0.9589416,1
139,2,ddos,2,ddos,0.9997924,1
140,3,recon,3,recon,0.4646646,1
141,6,web,6,web,0.99720603,1
142,0,benign,0,benign,0.9789817,1
143,6,web,6,web,0.99672323,1
144,6,web,6,web,0.99537426,1
145,0,benign,0,benign,0.9290744,1
146,0,benign,0,benign,0.9290744,1
147,0,benign,0,benign,0.9290744,1
148,0,benign,0,benign,0.9290744,1
149,0,benign,0,benign,0.852248,1
150,2,ddos,2,ddos,0.98217195,1
151,0,benign,0,benign,0.9290744,1
152,0,benign,0,benign,0.9289819,1
153,0,benign,0,benign,0.9555562,1
154,6,web,6,web,0.99688125,1
155,0,benign,0,benign,0.9290744,1
156,0,benign,0,benign,0.97154963,1
157,0,benign,0,benign,0.98994267,1
158,1,dos,4,mitm,0.5331685,0
159,7,malware,7,malware,0.90892196,1
160,3,recon,3,recon,0.84717375,1
161,2,ddos,2,ddos,0.9759872,1
162,0,benign,0,benign,0.9035421,1
163,0,benign,0,benign,0.9872743,1
164,0,benign,0,benign,0.9679583,1
165,0,benign,0,benign,0.9815338,1
166,0,benign,0,benign,0.915481,1
167,0,benign,0,benign,0.83665806,1
168,6,web,6,web,0.99914396,1
169,3,recon,2,ddos,0.9804001,0
170,6,web,6,web,0.9963638,1
171,4,mitm,0,benign,0.47808716,0
172,0,benign,0,benign,0.9290744,1
173,0,benign,0,benign,0.9290744,1
174,0,benign,0,benign,0.8851486,1
175,0,benign,0,benign,0.9290744,1
176,0,benign,0,benign,0.9674579,1
177,0,benign,0,benign,0.9290744,1
178,0,benign,0,benign,0.9290744,1
179,0,benign,0,benign,0.96332246,1
180,0,benign,0,benign,0.944935,1
181,3,recon,3,recon,0.998355,1
182,6,web,6,web,0.99483067,1
183,4,mitm,4,mitm,0.99825174,1
184,0,benign,0,benign,0.84310067,1
185,6,web,0,benign,0.77018374,0
186,0,benign,0,benign,0.9290744,1
187,0,benign,0,benign,0.9587427,1
188,0,benign,0,benign,0.9200109,1
189,0,benign,0,benign,0.98923,1
190,0,benign,0,benign,0.9290744,1
191,3,recon,3,recon,0.9971264,1
192,5,bruteforce,3,recon,0.5338097,0
193,0,benign,0,benign,0.9828418,1
194,2,ddos,2,ddos,0.7433691,1
195,0,benign,0,benign,0.94949955,1
196,2,ddos,3,recon,0.4134837,0
197,0,benign,0,benign,0.8617812,1
198,0,benign,0,benign,0.80229455,1
199,0,benign,0,benign,0.9290744,1
200,0,benign,0,benign,0.840654,1
201,5,bruteforce,5,bruteforce,0.39958793,1
202,0,benign,0,benign,0.941752,1
203,4,mitm,0,benign,0.82528454,0
204,0,benign,0,benign,0.98554486,1
205,0,benign,0,benign,0.9797007,1
206,0,benign,0,benign,0.9441691,1
207,0,benign,0,benign,0.9290744,1
208,0,benign,0,benign,0.976289,1
209,6,web,6,web,0.9991627,1
210,0,benign,0,benign,0.96535623,1
211,6,web,6,web,0.99496186,1
212,0,benign,0,benign,0.6409673,1
213,0,benign,0,benign,0.9290744,1
214,0,benign,0,benign,0.9290744,1
215,0,benign,0,benign,0.56417876,1
216,0,benign,0,benign,0.9420692,1
217,0,benign,0,benign,0.9290744,1
218,6,web,6,web,0.9075713,1
219,6,web,6,web,0.9973737,1
220,4,mitm,4,mitm,0.79785764,1
221,6,web,6,web,0.89681065,1
222,2,ddos,0,benign,0.9696741,0
223,3,recon,3,recon,0.9927723,1
224,0,benign,0,benign,0.7704695,1
225,5,bruteforce,0,benign,0.93635327,0
226,3,recon,3,recon,0.86418694,1
227,0,benign,0,benign,0.9825248,1
228,2,ddos,2,ddos,0.9998636,1
229,0,benign,0,benign,0.9920328,1
230,0,benign,0,benign,0.9362877,1
231,2,ddos,2,ddos,0.9879247,1
232,3,recon,3,recon,0.99565095,1
233,0,benign,0,benign,0.9290744,1
234,0,benign,0,benign,0.9290744,1
235,0,benign,0,benign,0.78284734,1
236,0,benign,0,benign,0.93296164,1
237,6,web,6,web,0.9983529,1
238,0,benign,0,benign,0.9544535,1
239,0,benign,0,benign,0.98833907,1
240,0,benign,0,benign,0.6706033,1
241,2,ddos,2,ddos,0.87797624,1
242,0,benign,0,benign,0.95354563,1
243,0,benign,0,benign,0.9639333,1
244,0,benign,0,benign,0.9290744,1
245,0,benign,0,benign,0.984789,1
246,0,benign,0,benign,0.9290744,1
247,6,web,6,web,0.9984952,1
248,0,benign,0,benign,0.97528166,1
249,6,web,6,web,0.9833031,1
250,0,benign,0,benign,0.9593231,1
251,2,ddos,2,ddos,0.9137342,1
252,0,benign,0,benign,0.7932198,1
253,0,benign,0,benign,0.7785493,1
254,3,recon,3,recon,0.7435343,1
255,6,web,0,benign,0.9246341,0
256,6,web,0,benign,0.824941,0
257,0,benign,0,benign,0.9134388,1
258,3,recon,3,recon,0.9998436,1
259,0,benign,0,benign,0.8247689,1
260,6,web,6,web,0.99937266,1
261,3,recon,3,recon,0.9141032,1
262,0,benign,0,benign,0.93587565,1
263,0,benign,0,benign,0.9861081,1
264,0,benign,0,benign,0.95997226,1
265,0,benign,0,benign,0.98844343,1
266,2,ddos,2,ddos,0.9924402,1
267,0,benign,0,benign,0.9782938,1
268,6,web,6,web,0.99218786,1
269,0,benign,0,benign,0.9290744,1
270,0,benign,0,benign,0.9290744,1
271,0,benign,0,benign,0.86935514,1
272,3,recon,3,recon,0.8604627,1
273,6,web,6,web,0.9987418,1
274,3,recon,2,ddos,0.81875706,0
275,0,benign,0,benign,0.96985435,1
276,0,benign,0,benign,0.9827439,1
277,6,web,6,web,0.9990157,1
278,2,ddos,2,ddos,0.5726013,1
279,0,benign,0,benign,0.9290744,1
280,6,web,0,benign,0.83012325,0
281,0,benign,0,benign,0.7832406,1
282,0,benign,0,benign,0.9478332,1
283,2,ddos,3,recon,0.942664,0
284,5,bruteforce,5,bruteforce,0.46358204,1
285,6,web,6,web,0.99696535,1
286,3,recon,3,recon,0.9917275,1
287,3,recon,3,recon,0.98906136,1
288,0,benign,0,benign,0.9168448,1
289,6,web,6,web,0.9978409,1
290,2,ddos,2,ddos,0.9987483,1
291,0,benign,0,benign,0.9758145,1
292,0,benign,0,benign,0.9290744,1
293,6,web,6,web,0.9993462,1
294,0,benign,0,benign,0.9290744,1
295,0,benign,0,benign,0.96839774,1
296,1,dos,0,benign,0.6800789,0
297,0,benign,0,benign,0.7357226,1
298,2,ddos,2,ddos,0.9988952,1
299,0,benign,0,benign,0.9567931,1
300,5,bruteforce,5,bruteforce,0.50196105,1
301,7,malware,0,benign,0.9290744,0
302,2,ddos,2,ddos,0.9987392,1
303,6,web,6,web,0.99902177,1
304,0,benign,0,benign,0.9522774,1
305,6,web,6,web,0.860587,1
306,0,benign,0,benign,0.9290744,1
307,0,benign,0,benign,0.9648849,1
308,3,recon,3,recon,0.9962359,1
309,0,benign,0,benign,0.98933893,1
310,6,web,6,web,0.9988896,1
311,6,web,6,web,0.99890804,1
312,0,benign,0,benign,0.9781461,1
313,0,benign,0,benign,0.98324686,1
314,0,benign,0,benign,0.9290744,1
315,0,benign,0,benign,0.9290744,1
316,0,benign,0,benign,0.87494147,1
317,0,benign,0,benign,0.9195768,1
318,0,benign,0,benign,0.9290744,1
319,0,benign,5,bruteforce,0.39776093,0
320,6,web,6,web,0.99543804,1
321,0,benign,0,benign,0.993845,1
322,6,web,0,benign,0.8126379,0
323,0,benign,0,benign,0.9290744,1
324,0,benign,0,benign,0.964367,1
325,0,benign,0,benign,0.9290744,1
326,0,benign,0,benign,0.6043685,1
327,6,web,6,web,0.9971527,1
328,6,web,0,benign,0.73701286,0
329,3,recon,3,recon,0.96692044,1
330,0,benign,0,benign,0.972831,1
331,0,benign,0,benign,0.9290744,1
332,0,benign,0,benign,0.9247491,1
333,3,recon,3,recon,0.9885838,1
334,3,recon,0,benign,0.9290744,0
335,3,recon,3,recon,0.98617643,1
336,0,benign,0,benign,0.9608288,1
337,3,recon,3,recon,0.9938112,1
338,0,benign,0,benign,0.9502759,1
339,0,benign,0,benign,0.7371956,1
340,0,benign,0,benign,0.9884869,1
341,0,benign,0,benign,0.902512,1
342,4,mitm,0,benign,0.5786416,0
343,0,benign,0,benign,0.9901063,1
344,2,ddos,0,benign,0.81238633,0
345,0,benign,0,benign,0.4809193,1
346,2,ddos,2,ddos,0.94487035,1
347,4,mitm,4,mitm,0.6587648,1
348,4,mitm,4,mitm,0.38658264,1
349,6,web,0,benign,0.9290744,0
350,0,benign,0,benign,0.9847023,1
351,2,ddos,2,ddos,0.96447074,1
352,0,benign,0,benign,0.98247313,1
353,0,benign,0,benign,0.9290744,1
354,0,benign,0,benign,0.92741084,1
355,0,benign,0,benign,0.8122918,1
356,6,web,6,web,0.99896,1
357,3,recon,0,benign,0.91082823,0
358,0,benign,0,benign,0.9290744,1
359,2,ddos,2,ddos,0.9418276,1
360,2,ddos,3,recon,0.98271,0
361,0,benign,0,benign,0.93334705,1
362,6,web,6,web,0.994796,1
363,0,benign,0,benign,0.9828241,1
364,6,web,6,web,0.99779785,1
365,0,benign,0,benign,0.9287432,1
366,0,benign,0,benign,0.9290744,1
367,0,benign,0,benign,0.9444596,1
368,0,benign,0,benign,0.85775506,1
369,0,benign,0,benign,0.9451641,1
370,6,web,6,web,0.9961134,1
371,3,recon,3,recon,0.9912039,1
372,0,benign,0,benign,0.9290744,1
373,6,web,0,benign,0.9290744,0
374,5,bruteforce,5,bruteforce,0.9321009,1
375,0,benign,0,benign,0.6604033,1
376,0,benign,0,benign,0.9290744,1
377,0,benign,0,benign,0.9290744,1
378,0,benign,0,benign,0.9593688,1
379,0,benign,0,benign,0.9290744,1
380,0,benign,0,benign,0.94678694,1
381,6,web,0,benign,0.9290744,0
382,3,recon,3,recon,0.98401874,1
383,0,benign,0,benign,0.92075384,1
384,0,benign,0,benign,0.9348299,1
385,4,mitm,4,mitm,0.9982817,1
386,6,web,6,web,0.99872977,1
387,2,ddos,2,ddos,0.9997242,1
388,0,benign,0,benign,0.9290744,1
389,3,recon,3,recon,0.9892385,1
390,6,web,6,web,0.99831116,1
391,5,bruteforce,3,recon,0.7124097,0
392,6,web,6,web,0.99069804,1
393,0,benign,0,benign,0.9872229,1
394,3,recon,3,recon,0.9923435,1
395,0,benign,0,benign,0.8915245,1
396,0,benign,0,benign,0.9591286,1
397,0,benign,0,benign,0.92021245,1
398,5,bruteforce,5,bruteforce,0.5395928,1
399,5,bruteforce,0,benign,0.97585094,0
400,6,web,6,web,0.9970457,1
401,0,benign,0,benign,0.9290744,1
402,0,benign,0,benign,0.9583266,1
403,0,benign,0,benign,0.9749919,1
404,6,web,0,benign,0.91247606,0
405,0,benign,0,benign,0.9290744,1
406,3,recon,3,recon,0.9961378,1
407,0,benign,0,benign,0.9290744,1
408,0,benign,0,benign,0.9448565,1
409,4,mitm,4,mitm,0.9932854,1
410,0,benign,0,benign,0.9896535,1
411,0,benign,0,benign,0.9613658,1
412,0,benign,0,benign,0.95594126,1
413,5,bruteforce,0,benign,0.8710339,0
414,0,benign,0,benign,0.9290744,1
415,0,benign,0,benign,0.98044443,1
416,0,benign,0,benign,0.9171445,1
417,0,benign,0,benign,0.95334584,1
418,0,benign,0,benign,0.9290744,1
419,6,web,6,web,0.99982893,1
420,0,benign,0,benign,0.9050729,1
421,0,benign,0,benign,0.9290744,1
422,6,web,0,benign,0.88598895,0
423,0,benign,0,benign,0.96070194,1
424,6,web,6,web,0.99954396,1
425,0,benign,0,benign,0.9290744,1
426,0,benign,0,benign,0.9290744,1
427,6,web,0,benign,0.8770065,0
428,0,benign,0,benign,0.9734161,1
429,0,benign,0,benign,0.9934436,1
430,0,benign,0,benign,0.93966043,1
431,0,benign,0,benign,0.9791039,1
432,6,web,6,web,0.9972983,1
433,3,recon,3,recon,0.84280837,1
434,0,benign,0,benign,0.99185103,1
435,0,benign,0,benign,0.9865802,1
436,0,benign,0,benign,0.90512013,1
437,0,benign,0,benign,0.9290744,1
438,2,ddos,2,ddos,0.96846145,1
439,0,benign,0,benign,0.9290744,1
440,0,benign,0,benign,0.9290744,1
441,0,benign,0,benign,0.9711345,1
442,0,benign,0,benign,0.911178,1
443,0,benign,0,benign,0.9674309,1
444,6,web,0,benign,0.819898,0
445,0,benign,0,benign,0.9796102,1
446,0,benign,0,benign,0.9914772,1
447,0,benign,0,benign,0.87392765,1
448,0,benign,0,benign,0.9290744,1
449,6,web,6,web,0.9941645,1
450,6,web,6,web,0.9975134,1
451,7,malware,7,malware,0.8823304,1
452,6,web,6,web,0.9720978,1
453,0,benign,0,benign,0.9829003,1
454,0,benign,0,benign,0.9290744,1
455,0,benign,0,benign,0.9290744,1
456,2,ddos,2,ddos,0.48989025,1
457,4,mitm,4,mitm,0.64957273,1
458,0,benign,0,benign,0.9290744,1
459,6,web,0,benign,0.9290744,0
460,0,benign,0,benign,0.9290744,1
461,6,web,6,web,0.99896705,1
462,2,ddos,2,ddos,0.8571824,1
463,0,benign,0,benign,0.93033075,1
464,7,malware,7,malware,0.9185473,1
465,6,web,6,web,0.9960179,1
466,0,benign,0,benign,0.96848476,1
467,6,web,6,web,0.99473697,1
468,6,web,0,benign,0.9290744,0
469,2,ddos,2,ddos,0.8408826,1
470,4,mitm,0,benign,0.95518625,0
471,1,dos,5,bruteforce,0.66767085,0
472,0,benign,0,benign,0.98145056,1
473,0,benign,0,benign,0.9290744,1
474,3,recon,3,recon,0.99895906,1
475,0,benign,0,benign,0.96805376,1
476,3,recon,3,recon,0.9868505,1
477,0,benign,0,benign,0.9290744,1
478,3,recon,3,recon,0.8756153,1
479,6,web,0,benign,0.6784772,0
480,0,benign,0,benign,0.7546914,1
481,6,web,0,benign,0.7148477,0
482,0,benign,0,benign,0.9290744,1
483,7,malware,7,malware,0.27386016,1
484,0,benign,0,benign,0.9290744,1
485,0,benign,0,benign,0.9290744,1
486,6,web,6,web,0.99869907,1
487,2,ddos,0,benign,0.5862923,0
488,0,benign,0,benign,0.9609403,1
489,0,benign,0,benign,0.9192888,1
490,0,benign,0,benign,0.9290744,1
491,0,benign,0,benign,0.7699298,1
492,0,benign,0,benign,0.93649596,1
493,0,benign,0,benign,0.9597859,1
494,5,bruteforce,5,bruteforce,0.5169747,1
495,0,benign,0,benign,0.9676605,1
496,0,benign,0,benign,0.94124615,1
497,0,benign,0,benign,0.9786864,1
498,3,recon,3,recon,0.9953909,1
499,0,benign,0,benign,0.9852705,1
500,0,benign,0,benign,0.9290744,1
501,0,benign,0,benign,0.9365891,1
502,0,benign,0,benign,0.9449664,1
503,3,recon,3,recon,0.9738207,1
504,0,benign,0,benign,0.95720863,1
505,2,ddos,2,ddos,0.74986833,1
506,0,benign,0,benign,0.9616517,1
507,3,recon,3,recon,0.9978174,1
508,6,web,6,web,0.9574463,1
509,5,bruteforce,0,benign,0.8088998,0
510,0,benign,0,benign,0.9741872,1
511,5,bruteforce,0,benign,0.6867487,0
512,0,benign,0,benign,0.9809879,1
513,0,benign,7,malware,0.42952168,0
514,6,web,6,web,0.9981646,1
515,0,benign,0,benign,0.95203024,1
516,5,bruteforce,5,bruteforce,0.5740489,1
517,0,benign,0,benign,0.97978336,1
518,2,ddos,2,ddos,0.902235,1
519,0,benign,0,benign,0.70930314,1
520,2,ddos,2,ddos,0.9312947,1
521,0,benign,0,benign,0.9290744,1
522,0,benign,0,benign,0.9310986,1
523,2,ddos,2,ddos,0.977802,1
524,0,benign,0,benign,0.9290744,1
525,2,ddos,2,ddos,0.97053736,1
526,0,benign,0,benign,0.9290744,1
527,0,benign,0,benign,0.9521375,1
528,2,ddos,2,ddos,0.9768321,1
529,0,benign,0,benign,0.9764134,1
530,0,benign,0,benign,0.89553326,1
531,2,ddos,2,ddos,0.9995043,1
532,0,benign,0,benign,0.83141154,1
533,0,benign,0,benign,0.9290744,1
534,4,mitm,4,mitm,0.62564117,1
535,0,benign,0,benign,0.9290744,1
536,0,benign,0,benign,0.9290744,1
537,0,benign,0,benign,0.97056043,1
538,0,benign,0,benign,0.9378425,1
539,0,benign,0,benign,0.9290744,1
540,0,benign,0,benign,0.9290744,1
541,0,benign,0,benign,0.9964714,1
542,6,web,0,benign,0.9563532,0
543,6,web,6,web,0.48510566,1
544,0,benign,0,benign,0.9290744,1
545,0,benign,0,benign,0.9481524,1
546,0,benign,0,benign,0.9777059,1
547,0,benign,0,benign,0.7799495,1
548,0,benign,0,benign,0.9290744,1
549,0,benign,0,benign,0.99687684,1
550,2,ddos,2,ddos,0.9827983,1
551,0,benign,0,benign,0.9780141,1
552,0,benign,0,benign,0.9290744,1
553,6,web,6,web,0.99460876,1
554,0,benign,0,benign,0.9853175,1
555,6,web,6,web,0.9988758,1
556,2,ddos,2,ddos,0.9849156,1
557,3,recon,3,recon,0.9891726,1
558,6,web,0,benign,0.8122923,0
559,0,benign,0,benign,0.9777168,1
560,0,benign,0,benign,0.95182556,1
561,0,benign,0,benign,0.9290744,1
562,2,ddos,2,ddos,0.99275804,1
563,0,benign,0,benign,0.9359624,1
564,3,recon,3,recon,0.9968892,1
565,0,benign,0,benign,0.96150434,1
566,0,benign,0,benign,0.9290744,1
567,0,benign,0,benign,0.9669233,1
568,3,recon,3,recon,0.980666,1
569,0,benign,0,benign,0.9290744,1
570,3,recon,3,recon,0.98563266,1
571,2,ddos,0,benign,0.9290744,0
572,0,benign,0,benign,0.9720348,1
573,1,dos,0,benign,0.37358588,0
574,0,benign,0,benign,0.9468585,1
575,0,benign,0,benign,0.83112586,1
576,0,benign,0,benign,0.9290744,1
577,0,benign,0,benign,0.9421778,1
578,0,benign,0,benign,0.98098034,1
579,0,benign,0,benign,0.9422763,1
580,4,mitm,4,mitm,0.6414455,1
581,2,ddos,2,ddos,0.9168171,1
582,0,benign,0,benign,0.9290744,1
583,0,benign,0,benign,0.98838323,1
584,0,benign,0,benign,0.9290744,1
585,2,ddos,2,ddos,0.9754566,1
586,2,ddos,2,ddos,0.9929436,1
587,0,benign,0,benign,0.93069357,1
588,0,benign,0,benign,0.84936816,1
589,0,benign,0,benign,0.9290744,1
590,0,benign,0,benign,0.9290744,1
591,0,benign,0,benign,0.9290744,1
592,0,benign,0,benign,0.9290744,1
593,6,web,0,benign,0.8950237,0
594,0,benign,0,benign,0.9290744,1
595,0,benign,0,benign,0.9290744,1
596,6,web,0,benign,0.89802283,0
597,0,benign,0,benign,0.9290744,1
598,0,benign,0,benign,0.9290744,1
599,3,recon,2,ddos,0.87701535,0
600,0,benign,0,benign,0.6044673,1
601,4,mitm,4,mitm,0.60754216,1
602,1,dos,0,benign,0.67769635,0
603,0,benign,0,benign,0.9016901,1
604,0,benign,0,benign,0.93785536,1
605,0,benign,0,benign,0.8827654,1
606,0,benign,0,benign,0.964393,1
607,4,mitm,4,mitm,0.9993268,1
608,0,benign,0,benign,0.74540454,1
609,5,bruteforce,5,bruteforce,0.32862014,1
610,0,benign,0,benign,0.9860183,1
611,3,recon,3,recon,0.99262965,1
612,3,recon,3,recon,0.98095405,1
613,3,recon,3,recon,0.557973,1
614,0,benign,0,benign,0.9157589,1
615,0,benign,0,benign,0.7053547,1
616,0,benign,0,benign,0.911718,1
617,2,ddos,3,recon,0.937887,0
618,0,benign,0,benign,0.9648393,1
619,0,benign,0,benign,0.94997597,1
620,0,benign,0,benign,0.9290744,1
621,0,benign,0,benign,0.9751178,1
622,0,benign,0,benign,0.9356506,1
623,6,web,6,web,0.99841917,1
624,4,mitm,4,mitm,0.8326185,1
625,0,benign,0,benign,0.9408829,1
626,0,benign,0,benign,0.9070576,1
627,6,web,6,web,0.99901867,1
628,0,benign,0,benign,0.9290744,1
629,5,bruteforce,5,bruteforce,0.48094472,1
630,0,benign,0,benign,0.9290744,1
631,0,benign,0,benign,0.9277783,1
632,1,dos,0,benign,0.25862685,0
633,0,benign,0,benign,0.9290744,1
634,3,recon,3,recon,0.9925922,1
635,2,ddos,2,ddos,0.994009,1
636,0,benign,0,benign,0.9763973,1
637,6,web,6,web,0.9897245,1
638,0,benign,0,benign,0.92634183,1
639,0,benign,0,benign,0.9891445,1
640,0,benign,0,benign,0.9577153,1
641,6,web,6,web,0.9988016,1
642,0,benign,0,benign,0.9290744,1
643,0,benign,0,benign,0.90980405,1
644,6,web,6,web,0.9965514,1
645,6,web,0,benign,0.5996013,0
646,0,benign,0,benign,0.97836304,1
647,0,benign,0,benign,0.94671917,1
648,2,ddos,0,benign,0.9290744,0
649,0,benign,0,benign,0.91432804,1
650,0,benign,0,benign,0.87344766,1
651,6,web,6,web,0.99894303,1
652,6,web,0,benign,0.94657975,0
653,0,benign,0,benign,0.92161554,1
654,4,mitm,0,benign,0.36147833,0
655,0,benign,0,benign,0.9290744,1
656,5,bruteforce,0,benign,0.92236245,0
657,0,benign,0,benign,0.83397067,1
658,6,web,0,benign,0.9290744,0
659,0,benign,0,benign,0.98164624,1
660,0,benign,0,benign,0.9438986,1
661,6,web,0,benign,0.9973877,0
662,0,benign,0,benign,0.9860357,1
663,0,benign,0,benign,0.9290744,1
664,0,benign,0,benign,0.92957836,1
665,3,recon,3,recon,0.89413667,1
666,4,mitm,0,benign,0.91932935,0
667,0,benign,0,benign,0.8283221,1
668,0,benign,0,benign,0.8434243,1
669,5,bruteforce,0,benign,0.72564554,0
670,3,recon,4,mitm,0.29358074,0
671,2,ddos,3,recon,0.9830263,0
672,0,benign,0,benign,0.85036564,1
673,7,malware,7,malware,0.918768,1
674,0,benign,0,benign,0.9605445,1
675,0,benign,0,benign,0.9654668,1
676,6,web,6,web,0.99524635,1
677,0,benign,0,benign,0.88151187,1
678,6,web,6,web,0.99818987,1
679,5,bruteforce,0,benign,0.813614,0
680,6,web,6,web,0.9858813,1
681,2,ddos,2,ddos,0.9835444,1
682,3,recon,3,recon,0.9921146,1
683,4,mitm,4,mitm,0.5640432,1
684,6,web,0,benign,0.946796,0
685,0,benign,0,benign,0.966783,1
686,0,benign,0,benign,0.9290744,1
687,0,benign,0,benign,0.8392833,1
688,0,benign,0,benign,0.9853233,1
689,0,benign,0,benign,0.9290744,1
690,3,recon,0,benign,0.9493751,0
691,0,benign,0,benign,0.9290744,1
692,6,web,0,benign,0.89751714,0
693,2,ddos,3,recon,0.5508981,0
694,0,benign,0,benign,0.9290744,1
695,0,benign,0,benign,0.9290744,1
696,0,benign,0,benign,0.8809619,1
697,0,benign,0,benign,0.94484437,1
698,4,mitm,0,benign,0.84460515,0
699,0,benign,0,benign,0.9290744,1
700,0,benign,0,benign,0.98474646,1
701,2,ddos,2,ddos,0.97258186,1
702,5,bruteforce,3,recon,0.6398101,0
703,0,benign,0,benign,0.95766443,1
704,0,benign,0,benign,0.9878264,1
705,0,benign,0,benign,0.85693073,1
706,0,benign,0,benign,0.94289756,1
707,0,benign,0,benign,0.9471815,1
708,0,benign,0,benign,0.9367391,1
709,5,bruteforce,5,bruteforce,0.9653277,1
710,0,benign,0,benign,0.9771205,1
711,0,benign,0,benign,0.97821575,1
712,0,benign,0,benign,0.9772644,1
713,0,benign,0,benign,0.9290744,1
714,0,benign,0,benign,0.97074956,1
715,4,mitm,4,mitm,0.75165474,1
716,0,benign,0,benign,0.9290744,1
717,2,ddos,2,ddos,0.74597365,1
718,2,ddos,2,ddos,0.9594991,1
719,0,benign,0,benign,0.9917762,1
720,0,benign,0,benign,0.9463597,1
721,0,benign,0,benign,0.9753341,1
722,0,benign,0,benign,0.98384315,1
723,0,benign,0,benign,0.9858948,1
724,0,benign,0,benign,0.98618907,1
725,0,benign,0,benign,0.97613055,1
726,0,benign,0,benign,0.9513874,1
727,7,malware,7,malware,0.8881224,1
728,0,benign,0,benign,0.931739,1
729,0,benign,0,benign,0.9290744,1
730,0,benign,0,benign,0.97103643,1
731,0,benign,0,benign,0.9290744,1
732,6,web,6,web,0.9990722,1
733,0,benign,0,benign,0.9290744,1
734,4,mitm,0,benign,0.87575155,0
735,2,ddos,2,ddos,0.98072535,1
736,3,recon,3,recon,0.9963439,1
737,0,benign,0,benign,0.97750425,1
738,0,benign,0,benign,0.9290744,1
739,0,benign,0,benign,0.9290744,1
740,0,benign,0,benign,0.7570985,1
741,6,web,6,web,0.9977865,1
742,5,bruteforce,5,bruteforce,0.50697637,1
743,0,benign,0,benign,0.9290744,1
744,2,ddos,2,ddos,0.9596691,1
745,0,benign,0,benign,0.9389903,1
746,6,web,6,web,0.99760854,1
747,0,benign,0,benign,0.9200765,1
748,6,web,0,benign,0.87017995,0
749,0,benign,0,benign,0.9290744,1
750,2,ddos,2,ddos,0.9971469,1
751,0,benign,0,benign,0.93768835,1
752,0,benign,0,benign,0.9822902,1
753,6,web,6,web,0.9989041,1
754,3,recon,3,recon,0.9908495,1
755,0,benign,0,benign,0.9290744,1
756,0,benign,0,benign,0.951589,1
757,0,benign,0,benign,0.94594294,1
758,0,benign,0,benign,0.94398874,1
759,6,web,6,web,0.9987594,1
760,3,recon,3,recon,0.9955836,1
761,0,benign,0,benign,0.91465026,1
762,0,benign,0,benign,0.9837684,1
763,0,benign,0,benign,0.9604169,1
764,6,web,0,benign,0.8971161,0
765,7,malware,7,malware,0.774435,1
766,2,ddos,2,ddos,0.73435634,1
767,0,benign,0,benign,0.9290744,1
768,6,web,0,benign,0.9290744,0
769,5,bruteforce,3,recon,0.49610823,0
770,0,benign,0,benign,0.7212999,1
771,0,benign,0,benign,0.9290744,1
772,6,web,6,web,0.9990061,1
773,0,benign,0,benign,0.91567594,1
774,0,benign,0,benign,0.9290744,1
775,0,benign,0,benign,0.9451662,1
776,6,web,6,web,0.9973259,1
777,0,benign,0,benign,0.94237685,1
778,3,recon,3,recon,0.9906063,1
779,0,benign,0,benign,0.9838981,1
780,5,bruteforce,5,bruteforce,0.59581375,1
781,2,ddos,2,ddos,0.95247597,1
782,3,recon,3,recon,0.99649066,1
783,0,benign,0,benign,0.93838257,1
784,0,benign,0,benign,0.9290744,1
785,0,benign,0,benign,0.9290744,1
786,6,web,6,web,0.9993961,1
787,0,benign,0,benign,0.93373674,1
788,0,benign,0,benign,0.9725461,1
789,0,benign,0,benign,0.9812571,1
790,0,benign,0,benign,0.98758566,1
791,2,ddos,2,ddos,0.9856755,1
792,2,ddos,0,benign,0.95935076,0
793,2,ddos,2,ddos,0.7662408,1
794,0,benign,0,benign,0.93980455,1
795,6,web,6,web,0.9971796,1
796,3,recon,0,benign,0.9253738,0
797,2,ddos,2,ddos,0.9877351,1
798,0,benign,0,benign,0.9290744,1
799,0,benign,0,benign,0.8275661,1
800,6,web,6,web,0.9987274,1
801,4,mitm,0,benign,0.7085837,0
802,0,benign,0,benign,0.9290744,1
803,0,benign,0,benign,0.9538757,1
804,5,bruteforce,0,benign,0.98788494,0
805,0,benign,0,benign,0.9290744,1
806,2,ddos,2,ddos,0.9701876,1
807,6,web,0,benign,0.9290744,0
808,6,web,0,benign,0.9802719,0
809,0,benign,0,benign,0.9290744,1
810,0,benign,0,benign,0.9840538,1
811,0,benign,0,benign,0.97086775,1
812,4,mitm,4,mitm,0.99839824,1
813,3,recon,3,recon,0.9960114,1
814,0,benign,0,benign,0.9561417,1
815,3,recon,3,recon,0.9947167,1
816,0,benign,0,benign,0.9290744,1
817,0,benign,0,benign,0.90927774,1
818,0,benign,0,benign,0.97122365,1
819,0,benign,0,benign,0.9290744,1
820,0,benign,0,benign,0.9290744,1
821,0,benign,0,benign,0.9722754,1
822,0,benign,0,benign,0.9969348,1
823,0,benign,0,benign,0.9276443,1
824,0,benign,0,benign,0.95984024,1
825,4,mitm,4,mitm,0.8087247,1
826,2,ddos,2,ddos,0.9006845,1
827,0,benign,0,benign,0.9542418,1
828,0,benign,0,benign,0.92530847,1
829,3,recon,3,recon,0.9687327,1
830,0,benign,0,benign,0.99806994,1
831,6,web,6,web,0.99935764,1
832,4,mitm,4,mitm,0.35905495,1
833,2,ddos,2,ddos,0.99461347,1
834,6,web,6,web,0.9919383,1
835,0,benign,0,benign,0.91290694,1
836,5,bruteforce,0,benign,0.9595619,0
837,2,ddos,2,ddos,0.9889093,1
838,6,web,0,benign,0.9286991,0
839,3,recon,3,recon,0.99915767,1
840,0,benign,0,benign,0.9290744,1
841,6,web,6,web,0.9988557,1
842,6,web,0,benign,0.96752936,0
843,6,web,6,web,0.9841344,1
844,2,ddos,2,ddos,0.9321791,1
845,0,benign,0,benign,0.9363681,1
846,0,benign,0,benign,0.9639305,1
847,2,ddos,2,ddos,0.9535688,1
848,0,benign,0,benign,0.9290744,1
849,0,benign,0,benign,0.9290744,1
850,0,benign,0,benign,0.9634278,1
851,3,recon,0,benign,0.9290744,0
852,0,benign,0,benign,0.9846081,1
853,0,benign,0,benign,0.9991565,1
854,6,web,0,benign,0.89189816,0
855,0,benign,0,benign,0.9290744,1
856,2,ddos,2,ddos,0.48855275,1
857,0,benign,0,benign,0.95822453,1
858,2,ddos,2,ddos,0.6823948,1
859,0,benign,0,benign,0.965032,1
860,1,dos,0,benign,0.9290744,0
861,5,bruteforce,3,recon,0.47060725,0
862,1,dos,0,benign,0.76573026,0
863,0,benign,0,benign,0.8026162,1
864,0,benign,0,benign,0.9290744,1
865,3,recon,3,recon,0.98849815,1
866,0,benign,0,benign,0.97375566,1
867,6,web,6,web,0.9949049,1
868,0,benign,0,benign,0.97021186,1
869,0,benign,0,benign,0.9674713,1
870,0,benign,0,benign,0.9290744,1
871,0,benign,0,benign,0.9930981,1
872,0,benign,0,benign,0.88355184,1
873,0,benign,0,benign,0.9290744,1
874,0,benign,0,benign,0.9705733,1
875,6,web,6,web,0.96179605,1
876,6,web,0,benign,0.8979664,0
877,2,ddos,2,ddos,0.9659941,1
878,6,web,6,web,0.9910746,1
879,0,benign,0,benign,0.9290744,1
880,6,web,6,web,0.9991037,1
881,6,web,0,benign,0.6676674,0
882,0,benign,0,benign,0.9082725,1
883,0,benign,0,benign,0.78542256,1
884,0,benign,0,benign,0.9424054,1
885,0,benign,0,benign,0.9591577,1
886,2,ddos,3,recon,0.5315159,0
887,0,benign,0,benign,0.901109,1
888,2,ddos,3,recon,0.990533,0
889,0,benign,0,benign,0.9711023,1
890,0,benign,0,benign,0.97851074,1
891,3,recon,3,recon,0.96621823,1
892,0,benign,0,benign,0.97610325,1
893,0,benign,0,benign,0.9290744,1
894,0,benign,0,benign,0.9131738,1
895,0,benign,0,benign,0.9290744,1
896,0,benign,0,benign,0.9290744,1
897,0,benign,0,benign,0.9290744,1
898,4,mitm,0,benign,0.7248558,0
899,7,malware,7,malware,0.58213574,1
900,0,benign,0,benign,0.87711704,1
901,0,benign,0,benign,0.9036666,1
902,0,benign,0,benign,0.9514398,1
903,2,ddos,3,recon,0.6903459,0
904,0,benign,0,benign,0.9923626,1
905,0,benign,0,benign,0.9290744,1
906,2,ddos,2,ddos,0.97846174,1
907,6,web,6,web,0.99902964,1
908,0,benign,0,benign,0.8160201,1
909,0,benign,0,benign,0.966462,1
910,0,benign,0,benign,0.9290744,1
911,2,ddos,2,ddos,0.9662358,1
912,0,benign,0,benign,0.9701788,1
913,4,mitm,0,benign,0.8739255,0
914,2,ddos,2,ddos,0.9407195,1
915,0,benign,0,benign,0.8763573,1
916,0,benign,0,benign,0.93928915,1
917,5,bruteforce,0,benign,0.9498217,0
918,6,web,6,web,0.6642706,1
919,6,web,6,web,0.9982508,1
920,0,benign,0,benign,0.9290744,1
921,3,recon,3,recon,0.9638453,1
922,0,benign,0,benign,0.97683185,1
923,6,web,6,web,0.99945027,1
924,3,recon,3,recon,0.9916511,1
925,6,web,0,benign,0.9290744,0
926,0,benign,0,benign,0.9290744,1
927,2,ddos,0,benign,0.9290744,0
928,3,recon,3,recon,0.99575233,1
929,6,web,6,web,0.99635386,1
930,0,benign,0,benign,0.93261176,1
931,0,benign,0,benign,0.9290744,1
932,4,mitm,4,mitm,0.99972624,1
933,0,benign,0,benign,0.96288335,1
934,0,benign,0,benign,0.93010795,1
935,0,benign,0,benign,0.9762148,1
936,0,benign,0,benign,0.98656505,1
937,0,benign,0,benign,0.9290744,1
938,0,benign,0,benign,0.93605936,1
939,1,dos,0,benign,0.81781137,0
940,0,benign,0,benign,0.9700528,1
941,4,mitm,4,mitm,0.9977895,1
942,0,benign,0,benign,0.96036637,1
943,0,benign,0,benign,0.9784815,1
944,0,benign,0,benign,0.975418,1
945,6,web,6,web,0.9910494,1
946,3,recon,3,recon,0.6650297,1
947,2,ddos,3,recon,0.53545934,0
948,0,benign,0,benign,0.9290744,1
949,0,benign,6,web,0.35032648,0
950,3,recon,3,recon,0.97377497,1
951,3,recon,3,recon,0.9995396,1
952,0,benign,0,benign,0.97651154,1
953,0,benign,0,benign,0.94619447,1
954,6,web,6,web,0.9990515,1
955,6,web,6,web,0.9963605,1
956,0,benign,0,benign,0.99745303,1
957,6,web,6,web,0.99582124,1
958,2,ddos,2,ddos,0.9717444,1
959,3,recon,3,recon,0.47800353,1
960,0,benign,4,mitm,0.51402134,0
961,0,benign,0,benign,0.9290744,1
962,0,benign,0,benign,0.9290744,1
963,5,bruteforce,0,benign,0.9821248,0
964,0,benign,0,benign,0.9290744,1
965,0,benign,0,benign,0.9290744,1
966,0,benign,0,benign,0.89494437,1
967,0,benign,0,benign,0.73158664,1
968,6,web,0,benign,0.9290744,0
969,0,benign,0,benign,0.9290744,1
970,6,web,6,web,0.95934945,1
971,6,web,6,web,0.9932173,1
972,0,benign,0,benign,0.9290744,1
973,5,bruteforce,3,recon,0.4773388,0
974,4,mitm,4,mitm,0.47652376,1
975,0,benign,0,benign,0.9290744,1
976,6,web,6,web,0.948078,1
977,0,benign,0,benign,0.9312488,1
978,0,benign,0,benign,0.93697625,1
979,7,malware,0,benign,0.9290744,0
980,0,benign,0,benign,0.92309403,1
981,0,benign,0,benign,0.9730225,1
982,6,web,6,web,0.9991916,1
983,2,ddos,2,ddos,0.9252183,1
984,3,recon,3,recon,0.9928169,1
985,6,web,6,web,0.9875854,1
986,0,benign,0,benign,0.9810982,1
987,2,ddos,2,ddos,0.9710377,1
988,5,bruteforce,0,benign,0.9269226,0
989,0,benign,0,benign,0.9290744,1
990,0,benign,0,benign,0.9716253,1
991,0,benign,0,benign,0.9290744,1
992,0,benign,0,benign,0.9867019,1
993,6,web,6,web,0.99821585,1
994,6,web,0,benign,0.95335656,0
995,0,benign,0,benign,0.94751316,1
996,0,benign,0,benign,0.9290744,1
997,6,web,6,web,0.99190825,1
998,0,benign,0,benign,0.938246,1
999,2,ddos,2,ddos,0.917809,1
